order_id,date,warehouse,product_group,quantity,returned
O00001,2026-04-14,west,filters,2,True
O00002,2026-04-03,west,engine,1,False
O00003,2026-04-02,east,brakes,5,False
O00004,2026-04-23,north,engine,2,False
O00005,2026-04-13,central,filters,7,False
O00006,2026-04-16,east,suspension,3,False
O00007,2026-04-07,north,brakes,3,False
O00008,2026-04-30,east,engine,1,False
O00009,2026-04-03,south,brakes,3,False
O00010,2026-04-25,north,suspension,2,False
O00011,2026-04-14,north,engine,2,False
O00012,2026-04-24,central,electrical,3,False
O00013,2026-04-26,central,electrical,2,False
O00014,2026-04-13,east,electrical,1,False
O00015,2026-04-06,central,brakes,2,False
O00016,2026-04-08,north,electrical,1,False
O00017,2026-04-12,central,brakes,3,False
O00018,2026-04-18,central,engine,2,False
O00019,2026-04-28,north,filters,5,False
O00020,2026-04-15,central,engine,1,False
O00021,2026-04-08,east,filters,7,False
O00022,2026-04-05,south,filters,4,False
O00023,2026-04-05,south,brakes,2,False
O00024,2026-04-29,central,filters,5,False
O00025,2026-04-21,west,electrical,2,False
O00026,2026-04-26,west,filters,5,False
O00027,2026-04-09,central,filters,4,False
O00028,2026-04-01,south,suspension,3,False
O00029,2026-04-14,east,engine,1,False
O00030,2026-04-19,south,engine,2,False
O00031,2026-04-17,south,filters,5,False
O00032,2026-04-09,south,brakes,4,False
O00033,2026-04-20,north,electrical,2,False
O00034,2026-04-02,south,brakes,5,False
O00035,2026-04-23,west,brakes,2,False
O00036,2026-04-03,central,filters,3,False
O00037,2026-04-22,west,engine,4,False
O00038,2026-04-29,west,brakes,2,False
O00039,2026-04-03,north,suspension,2,False
O00040,2026-04-23,north,electrical,3,False
O00041,2026-04-02,west,brakes,6,False
O00042,2026-04-09,east,engine,1,False
O00043,2026-04-18,central,brakes,3,False
O00044,2026-04-14,east,electrical,3,False
O00045,2026-04-05,south,suspension,3,False
O00046,2026-04-16,east,suspension,4,False
O00047,2026-04-20,central,filters,3,False
O00048,2026-04-14,north,electrical,2,False
O00049,2026-04-20,east,brakes,4,False
O00050,2026-04-24,south,suspension,3,False
O00051,2026-04-09,east,brakes,2,False
O00052,2026-04-15,south,brakes,2,False
O00053,2026-04-18,east,electrical,1,False
O00054,2026-04-20,central,suspension,5,False
O00055,2026-04-05,central,brakes,5,False
O00056,2026-04-19,east,electrical,1,False
O00057,2026-04-24,central,suspension,3,True
O00058,2026-04-23,central,filters,5,False
O00059,2026-04-21,west,engine,2,False
O00060,2026-04-15,south,brakes,2,False
O00061,2026-04-18,central,filters,3,False
O00062,2026-04-09,south,suspension,5,False
O00063,2026-04-05,south,electrical,3,False
O00064,2026-04-21,central,filters,6,True
O00065,2026-04-25,east,brakes,4,True
O00066,2026-04-26,central,electrical,3,True
O00067,2026-04-20,south,electrical,2,False
O00068,2026-04-16,central,brakes,1,False
O00069,2026-04-26,south,filters,5,False
O00070,2026-04-06,south,brakes,4,False
O00071,2026-04-20,central,electrical,3,True
O00072,2026-04-08,south,engine,2,False
O00073,2026-04-09,west,suspension,4,False
O00074,2026-04-20,central,engine,5,False
O00075,2026-04-14,central,brakes,3,False
O00076,2026-04-20,south,filters,1,True
O00077,2026-04-07,central,engine,2,False
O00078,2026-04-23,east,filters,1,False
O00079,2026-04-25,central,filters,2,False
O00080,2026-04-05,central,electrical,4,False
O00081,2026-04-30,north,electrical,2,False
O00082,2026-04-01,north,filters,3,False
O00083,2026-04-18,north,electrical,1,False
O00084,2026-04-25,east,electrical,3,False
O00085,2026-04-24,north,filters,3,False
O00086,2026-04-08,east,brakes,2,False
O00087,2026-04-05,north,suspension,3,False
O00088,2026-04-20,south,filters,4,False
O00089,2026-04-10,north,electrical,4,False
O00090,2026-04-17,south,filters,3,False
O00091,2026-04-14,west,filters,11,False
O00092,2026-04-03,west,electrical,1,False
O00093,2026-04-10,north,engine,2,False
O00094,2026-04-20,north,engine,1,False
O00095,2026-04-13,west,brakes,2,False
O00096,2026-04-01,south,brakes,3,False
O00097,2026-04-08,north,suspension,1,False
O00098,2026-04-02,central,filters,2,False
O00099,2026-04-12,east,suspension,2,False
O00100,2026-04-24,central,brakes,3,False
O00101,2026-04-05,east,brakes,3,False
O00102,2026-04-05,west,suspension,3,False
O00103,2026-04-14,north,filters,5,False
O00104,2026-04-07,west,filters,2,False
O00105,2026-04-14,south,brakes,3,False
O00106,2026-04-17,east,engine,2,False
O00107,2026-04-08,central,brakes,3,False
O00108,2026-04-06,south,electrical,3,False
O00109,2026-04-18,north,electrical,5,False
O00110,2026-04-11,west,suspension,3,False
O00111,2026-04-17,west,electrical,1,False
O00112,2026-04-26,east,suspension,2,False
O00113,2026-04-29,central,electrical,2,False
O00114,2026-04-08,west,brakes,3,False
O00115,2026-04-23,east,filters,2,False
O00116,2026-04-22,north,filters,4,False
O00117,2026-04-08,west,filters,4,False
O00118,2026-04-10,north,suspension,2,False
O00119,2026-04-14,central,suspension,5,False
O00120,2026-04-12,south,engine,1,False
O00121,2026-04-12,north,suspension,2,False
O00122,2026-04-17,east,filters,4,True
O00123,2026-04-27,north,electrical,2,False
O00124,2026-04-18,west,electrical,3,False
O00125,2026-04-24,north,brakes,2,False
O00126,2026-04-01,east,suspension,2,False
O00127,2026-04-30,south,filters,5,False
O00128,2026-04-04,east,suspension,1,False
O00129,2026-04-23,south,filters,1,False
O00130,2026-04-14,central,electrical,3,False
O00131,2026-04-26,central,brakes,3,False
O00132,2026-04-01,central,suspension,1,False
O00133,2026-04-16,south,electrical,3,False
O00134,2026-04-29,west,electrical,2,True
O00135,2026-04-18,east,engine,1,False
O00136,2026-04-07,north,filters,3,False
O00137,2026-04-08,south,electrical,2,False
O00138,2026-04-01,south,electrical,2,False
O00139,2026-04-26,south,filters,7,True
O00140,2026-04-14,north,electrical,2,False
O00141,2026-04-23,central,filters,1,False
O00142,2026-04-22,west,filters,6,False
O00143,2026-04-15,south,suspension,4,False
O00144,2026-04-23,east,electrical,4,False
O00145,2026-04-14,north,filters,6,False
O00146,2026-04-02,south,electrical,2,False
O00147,2026-04-15,south,engine,1,False
O00148,2026-04-16,north,filters,6,False
O00149,2026-04-04,central,engine,2,False
O00150,2026-04-06,east,filters,4,False
O00151,2026-04-18,south,engine,2,False
O00152,2026-04-10,east,suspension,2,False
O00153,2026-04-17,west,electrical,2,False
O00154,2026-04-30,west,electrical,2,True
O00155,2026-04-24,south,suspension,4,False
O00156,2026-04-17,west,filters,3,False
O00157,2026-04-25,east,suspension,3,False
O00158,2026-04-21,west,electrical,1,False
O00159,2026-04-04,west,engine,1,False
O00160,2026-04-13,east,filters,1,False
O00161,2026-04-13,central,brakes,3,False
O00162,2026-04-28,south,brakes,3,False
O00163,2026-04-15,central,filters,4,False
O00164,2026-04-07,west,electrical,2,False
O00165,2026-04-15,east,engine,3,False
O00166,2026-04-16,north,engine,3,False
O00167,2026-04-21,central,filters,6,False
O00168,2026-04-18,west,filters,4,False
O00169,2026-04-17,west,suspension,1,False
O00170,2026-04-21,east,filters,6,False
O00171,2026-04-26,east,engine,2,True
O00172,2026-04-13,south,electrical,3,False
O00173,2026-04-18,north,suspension,3,False
O00174,2026-04-22,north,engine,2,False
O00175,2026-04-13,central,engine,2,False
O00176,2026-04-18,east,engine,3,True
O00177,2026-04-03,south,brakes,4,False
O00178,2026-04-22,central,filters,5,False
O00179,2026-04-17,west,filters,3,True
O00180,2026-04-30,north,filters,9,False
O00181,2026-04-14,north,filters,4,False
O00182,2026-04-28,east,engine,4,True
O00183,2026-04-13,east,brakes,3,False
O00184,2026-04-23,north,brakes,5,False
O00185,2026-04-05,south,filters,2,False
O00186,2026-04-04,south,filters,8,False
O00187,2026-04-09,south,brakes,1,False
O00188,2026-04-10,west,brakes,3,False
O00189,2026-04-20,south,brakes,5,False
O00190,2026-04-20,central,electrical,3,False
O00191,2026-04-03,south,electrical,3,True
O00192,2026-04-02,central,engine,2,False
O00193,2026-04-02,north,filters,3,False
O00194,2026-04-14,central,filters,5,False
O00195,2026-04-23,east,suspension,2,False
O00196,2026-04-25,north,brakes,1,False
O00197,2026-04-04,central,brakes,2,False
O00198,2026-04-29,central,filters,1,False
O00199,2026-04-03,north,electrical,1,False
O00200,2026-04-30,north,suspension,2,True
O00201,2026-04-06,north,electrical,3,False
O00202,2026-04-21,central,engine,6,False
O00203,2026-04-01,central,brakes,2,False
O00204,2026-04-17,south,engine,3,False
O00205,2026-04-25,north,filters,3,False
O00206,2026-04-07,north,electrical,2,False
O00207,2026-04-13,central,suspension,1,False
O00208,2026-04-02,central,engine,2,False
O00209,2026-04-11,central,filters,6,False
O00210,2026-04-29,central,suspension,3,False
O00211,2026-04-16,central,suspension,3,False
O00212,2026-04-01,south,engine,3,False
O00213,2026-04-17,west,brakes,2,False
O00214,2026-04-07,south,brakes,5,False
O00215,2026-04-06,south,suspension,2,False
O00216,2026-04-05,central,filters,3,False
O00217,2026-04-14,north,brakes,5,False
O00218,2026-04-01,west,brakes,4,False
O00219,2026-04-01,west,filters,5,False
O00220,2026-04-11,west,suspension,5,False
O00221,2026-04-20,east,suspension,1,True
O00222,2026-04-08,central,filters,3,False
O00223,2026-04-20,east,engine,1,False
O00224,2026-04-17,west,filters,3,False
O00225,2026-04-12,east,filters,6,False
O00226,2026-04-16,north,electrical,3,False
O00227,2026-04-27,central,brakes,1,False
O00228,2026-04-12,south,filters,1,True
O00229,2026-04-27,central,electrical,1,False
O00230,2026-04-21,west,electrical,2,False
O00231,2026-04-03,north,brakes,4,False
O00232,2026-04-07,north,filters,1,False
O00233,2026-04-10,south,engine,2,False
O00234,2026-04-12,south,filters,2,False
O00235,2026-04-14,central,electrical,4,False
O00236,2026-04-20,east,electrical,2,False
O00237,2026-04-15,east,engine,1,True
O00238,2026-04-27,west,suspension,1,False
O00239,2026-04-26,west,engine,1,False
O00240,2026-04-13,central,filters,3,False
O00241,2026-04-15,east,brakes,3,False
O00242,2026-04-30,east,filters,2,False
O00243,2026-04-24,south,engine,1,False
O00244,2026-04-29,north,electrical,3,False
O00245,2026-04-08,west,brakes,3,False
O00246,2026-04-23,south,brakes,5,False
O00247,2026-04-21,north,filters,3,False
O00248,2026-04-27,central,filters,6,True
O00249,2026-04-11,west,filters,3,False
O00250,2026-04-09,east,filters,4,False
O00251,2026-04-13,north,electrical,3,False
O00252,2026-04-27,east,filters,5,True
O00253,2026-04-12,north,engine,3,False
O00254,2026-04-07,central,electrical,2,False
O00255,2026-04-08,west,suspension,1,True
O00256,2026-04-30,central,brakes,4,False
O00257,2026-04-26,north,suspension,1,False
O00258,2026-04-26,central,filters,5,False
O00259,2026-04-05,east,engine,2,False
O00260,2026-04-01,south,electrical,2,False
O00261,2026-04-07,central,suspension,3,False
O00262,2026-04-04,central,electrical,3,False
O00263,2026-04-10,north,brakes,4,False
O00264,2026-04-24,central,filters,5,False
O00265,2026-04-10,west,suspension,2,False
O00266,2026-04-09,south,suspension,1,False
O00267,2026-04-17,west,filters,3,False
O00268,2026-04-06,west,filters,2,False
O00269,2026-04-15,west,engine,4,False
O00270,2026-04-28,north,filters,4,False
O00271,2026-04-08,north,suspension,2,False
O00272,2026-04-15,central,filters,4,False
O00273,2026-04-28,north,filters,3,False
O00274,2026-04-06,west,filters,3,False
O00275,2026-04-09,east,electrical,3,False
O00276,2026-04-28,east,filters,5,False
O00277,2026-04-18,central,brakes,2,False
O00278,2026-04-06,west,suspension,1,False
O00279,2026-04-18,east,filters,2,False
O00280,2026-04-24,central,electrical,2,False
O00281,2026-04-08,north,filters,4,False
O00282,2026-04-26,east,brakes,3,False
O00283,2026-04-07,south,filters,7,False
O00284,2026-04-24,west,electrical,2,False
O00285,2026-04-16,east,engine,1,False
O00286,2026-04-03,central,engine,3,False
O00287,2026-04-19,west,filters,5,False
O00288,2026-04-08,south,filters,2,True
O00289,2026-04-12,west,electrical,5,False
O00290,2026-04-30,central,engine,1,False
O00291,2026-04-10,central,filters,3,False
O00292,2026-04-04,central,brakes,3,False
O00293,2026-04-26,west,brakes,2,False
O00294,2026-04-07,central,engine,3,True
O00295,2026-04-23,central,brakes,2,False
O00296,2026-04-30,west,brakes,6,False
O00297,2026-04-01,west,filters,5,False
O00298,2026-04-21,central,brakes,1,False
O00299,2026-04-22,north,brakes,4,False
O00300,2026-04-10,east,brakes,2,False
O00301,2026-04-06,south,filters,4,False
O00302,2026-04-04,west,suspension,3,False
O00303,2026-04-12,south,brakes,8,False
O00304,2026-04-09,west,filters,4,False
O00305,2026-04-26,central,engine,4,False
O00306,2026-04-09,central,filters,5,False
O00307,2026-04-15,central,suspension,4,False
O00308,2026-04-08,central,filters,3,False
O00309,2026-04-08,east,filters,5,False
O00310,2026-04-29,south,filters,5,False
O00311,2026-04-07,central,filters,6,False
O00312,2026-04-28,east,electrical,1,False
O00313,2026-04-19,central,filters,4,False
O00314,2026-04-19,south,engine,2,False
O00315,2026-04-06,south,electrical,1,False
O00316,2026-04-28,south,engine,4,False
O00317,2026-04-20,east,brakes,4,False
O00318,2026-04-12,north,filters,4,False
O00319,2026-04-21,south,filters,3,False
O00320,2026-04-15,east,suspension,2,False
O00321,2026-04-27,south,filters,4,False
O00322,2026-04-22,west,electrical,5,False
O00323,2026-04-08,central,filters,4,False
O00324,2026-04-20,west,electrical,3,False
O00325,2026-04-30,central,brakes,3,False
O00326,2026-04-23,central,filters,2,False
O00327,2026-04-02,west,filters,5,False
O00328,2026-04-02,central,electrical,2,False
O00329,2026-04-22,west,suspension,3,True
O00330,2026-04-07,central,suspension,2,False
O00331,2026-04-01,north,filters,4,False
O00332,2026-04-15,south,electrical,4,False
O00333,2026-04-03,north,filters,3,False
O00334,2026-04-11,west,brakes,4,True
O00335,2026-04-10,west,filters,4,False
O00336,2026-04-23,west,filters,2,False
O00337,2026-04-15,central,filters,9,False
O00338,2026-04-28,north,engine,3,False
O00339,2026-04-18,west,brakes,6,False
O00340,2026-04-24,south,filters,6,False
O00341,2026-04-24,south,engine,2,False
O00342,2026-04-06,south,filters,5,False
O00343,2026-04-19,east,brakes,6,False
O00344,2026-04-01,east,engine,1,False
O00345,2026-04-22,north,engine,2,False
O00346,2026-04-14,central,engine,2,False
O00347,2026-04-07,west,electrical,3,True
O00348,2026-04-04,central,engine,3,False
O00349,2026-04-14,west,suspension,4,False
O00350,2026-04-15,west,engine,3,False
O00351,2026-04-23,south,electrical,2,False
O00352,2026-04-17,north,electrical,3,False
O00353,2026-04-24,north,brakes,1,False
O00354,2026-04-27,central,filters,6,False
O00355,2026-04-18,central,filters,7,False
O00356,2026-04-13,central,suspension,2,False
O00357,2026-04-01,east,brakes,3,False
O00358,2026-04-28,north,suspension,1,False
O00359,2026-04-06,east,brakes,2,False
O00360,2026-04-13,central,engine,2,False
O00361,2026-04-14,south,filters,6,False
O00362,2026-04-03,central,engine,2,False
O00363,2026-04-26,central,brakes,3,False
O00364,2026-04-13,west,electrical,1,False
O00365,2026-04-20,central,filters,2,False
O00366,2026-04-28,central,brakes,5,False
O00367,2026-04-07,south,engine,1,False
O00368,2026-04-07,central,filters,4,False
O00369,2026-04-05,south,brakes,2,False
O00370,2026-04-05,east,brakes,1,False
O00371,2026-04-07,central,engine,3,False
O00372,2026-04-06,central,brakes,5,False
O00373,2026-04-19,south,engine,1,False
O00374,2026-04-04,central,filters,8,False
O00375,2026-04-01,central,filters,5,False
O00376,2026-04-30,west,electrical,2,False
O00377,2026-04-05,central,engine,4,False
O00378,2026-04-26,south,filters,2,False
O00379,2026-04-16,central,suspension,2,False
O00380,2026-04-24,east,brakes,10,False
O00381,2026-04-07,south,filters,5,False
O00382,2026-04-08,central,suspension,2,False
O00383,2026-04-18,north,suspension,2,False
O00384,2026-04-02,west,electrical,2,False
O00385,2026-04-19,central,electrical,2,False
O00386,2026-04-22,central,engine,2,False
O00387,2026-04-02,west,brakes,4,False
O00388,2026-04-26,north,suspension,1,False
O00389,2026-04-12,south,suspension,3,False
O00390,2026-04-27,central,electrical,3,False
O00391,2026-04-16,south,brakes,2,False
O00392,2026-04-20,west,electrical,1,False
O00393,2026-04-28,west,brakes,3,False
O00394,2026-04-15,west,filters,3,False
O00395,2026-04-26,south,suspension,3,False
O00396,2026-04-17,west,filters,3,False
O00397,2026-04-27,south,filters,5,False
O00398,2026-04-06,south,filters,5,False
O00399,2026-04-26,south,suspension,1,False
O00400,2026-04-21,east,brakes,3,False
O00401,2026-04-12,west,suspension,1,True
O00402,2026-04-11,north,electrical,3,False
O00403,2026-04-17,east,suspension,2,False
O00404,2026-04-02,east,brakes,3,False
O00405,2026-04-05,west,engine,4,False
O00406,2026-04-28,central,electrical,1,False
O00407,2026-04-15,central,filters,3,False
O00408,2026-04-17,central,electrical,2,False
O00409,2026-04-05,north,electrical,2,False
O00410,2026-04-01,central,engine,1,False
O00411,2026-04-30,north,brakes,2,False
O00412,2026-04-30,west,filters,8,False
O00413,2026-04-16,south,filters,7,False
O00414,2026-04-10,central,filters,2,False
O00415,2026-04-16,east,electrical,1,False
O00416,2026-04-28,east,electrical,3,True
O00417,2026-04-16,central,suspension,5,False
O00418,2026-04-05,east,engine,2,False
O00419,2026-04-19,east,filters,3,False
O00420,2026-04-25,south,filters,3,False
O00421,2026-04-14,central,brakes,3,False
O00422,2026-04-24,central,suspension,1,False
O00423,2026-04-24,central,engine,2,False
O00424,2026-04-24,north,filters,1,False
O00425,2026-04-18,south,engine,4,False
O00426,2026-04-27,south,suspension,1,False
O00427,2026-04-10,central,brakes,3,False
O00428,2026-04-26,west,filters,5,False
O00429,2026-04-08,south,brakes,4,False
O00430,2026-04-23,north,filters,1,False
O00431,2026-04-16,north,brakes,4,False
O00432,2026-04-13,west,brakes,2,False
O00433,2026-04-19,north,suspension,2,False
O00434,2026-04-25,north,engine,1,False
O00435,2026-04-10,north,electrical,2,False
O00436,2026-04-01,central,electrical,1,False
O00437,2026-04-14,north,engine,2,False
O00438,2026-04-29,south,engine,1,False
O00439,2026-04-30,central,filters,2,False
O00440,2026-04-15,north,brakes,3,False
O00441,2026-04-02,east,electrical,2,False
O00442,2026-04-26,central,engine,2,False
O00443,2026-04-02,north,brakes,2,False
O00444,2026-04-13,east,brakes,1,False
O00445,2026-04-25,south,brakes,5,False
O00446,2026-04-23,south,engine,3,False
O00447,2026-04-12,west,filters,6,False
O00448,2026-04-22,west,brakes,3,False
O00449,2026-04-05,east,filters,2,False
O00450,2026-04-12,west,engine,3,False
O00451,2026-04-14,central,suspension,2,False
O00452,2026-04-12,north,electrical,4,False
O00453,2026-04-09,east,engine,3,False
O00454,2026-04-12,east,electrical,3,False
O00455,2026-04-23,east,electrical,4,False
O00456,2026-04-19,north,suspension,2,False
O00457,2026-04-20,west,filters,6,False
O00458,2026-04-14,south,electrical,1,False
O00459,2026-04-11,west,engine,2,False
O00460,2026-04-14,south,suspension,4,False
O00461,2026-04-27,north,electrical,3,False
O00462,2026-04-16,south,electrical,3,False
O00463,2026-04-26,south,electrical,2,False
O00464,2026-04-29,north,electrical,6,False
O00465,2026-04-27,central,electrical,2,False
O00466,2026-04-19,central,suspension,3,True
O00467,2026-04-29,west,filters,3,False
O00468,2026-04-22,north,engine,2,False
O00469,2026-04-24,west,electrical,2,False
O00470,2026-04-19,central,filters,3,False
O00471,2026-04-06,south,electrical,1,False
O00472,2026-04-15,central,engine,4,False
O00473,2026-04-05,east,engine,2,False
O00474,2026-04-09,central,filters,2,False
O00475,2026-04-08,east,engine,1,False
O00476,2026-04-27,south,brakes,4,False
O00477,2026-04-26,south,suspension,2,False
O00478,2026-04-15,east,electrical,3,False
O00479,2026-04-19,central,brakes,4,False
O00480,2026-04-30,south,electrical,2,False
O00481,2026-04-08,east,filters,4,True
O00482,2026-04-18,south,electrical,3,False
O00483,2026-04-07,east,engine,1,False
O00484,2026-04-24,west,suspension,2,False
O00485,2026-04-02,central,engine,1,False
O00486,2026-04-05,central,filters,3,False
O00487,2026-04-09,west,electrical,1,False
O00488,2026-04-15,south,electrical,1,False
O00489,2026-04-01,central,engine,4,False
O00490,2026-04-29,south,engine,2,False
O00491,2026-04-17,south,suspension,1,False
O00492,2026-04-28,south,suspension,1,False
O00493,2026-04-21,west,filters,7,False
O00494,2026-04-15,east,suspension,4,False
O00495,2026-04-24,east,filters,1,False
O00496,2026-04-12,central,filters,6,False
O00497,2026-04-18,west,electrical,2,False
O00498,2026-04-06,north,brakes,1,False
O00499,2026-04-07,central,filters,4,False
O00500,2026-04-30,south,filters,7,False
O00501,2026-04-17,south,filters,4,True
O00502,2026-04-14,east,brakes,2,False
O00503,2026-04-28,central,engine,1,False
O00504,2026-04-09,central,electrical,1,False
O00505,2026-04-24,central,brakes,5,False
O00506,2026-04-16,central,filters,2,False
O00507,2026-04-23,south,electrical,3,False
O00508,2026-04-15,west,filters,4,False
O00509,2026-04-10,south,brakes,5,False
O00510,2026-04-21,west,filters,4,False
O00511,2026-04-27,north,brakes,5,False
O00512,2026-04-19,north,brakes,3,False
O00513,2026-04-02,south,brakes,1,False
O00514,2026-04-06,central,filters,4,False
O00515,2026-04-10,north,brakes,5,False
O00516,2026-04-02,central,suspension,3,True
O00517,2026-04-14,west,filters,6,False
O00518,2026-04-01,central,filters,3,False
O00519,2026-04-04,west,filters,3,False
O00520,2026-04-12,west,filters,6,False
O00521,2026-04-10,east,suspension,5,False
O00522,2026-04-14,west,filters,5,True
O00523,2026-04-14,south,brakes,2,False
O00524,2026-04-10,west,filters,5,False
O00525,2026-04-20,west,engine,3,False
O00526,2026-04-03,central,suspension,2,False
O00527,2026-04-17,south,engine,2,False
O00528,2026-04-01,central,engine,4,True
O00529,2026-04-20,south,filters,4,False
O00530,2026-04-13,south,electrical,2,False
O00531,2026-04-26,north,brakes,4,False
O00532,2026-04-02,central,filters,5,False
O00533,2026-04-04,south,filters,4,False
O00534,2026-04-25,central,electrical,4,False
O00535,2026-04-16,south,electrical,2,True
O00536,2026-04-07,north,electrical,3,True
O00537,2026-04-25,central,electrical,5,False
O00538,2026-04-04,north,suspension,4,False
O00539,2026-04-02,central,suspension,3,False
O00540,2026-04-14,south,brakes,4,False
O00541,2026-04-16,east,engine,4,False
O00542,2026-04-14,south,electrical,3,False
O00543,2026-04-13,central,brakes,2,False
O00544,2026-04-17,east,filters,4,False
O00545,2026-04-24,south,engine,1,False
O00546,2026-04-29,west,brakes,3,True
O00547,2026-04-20,west,brakes,1,False
O00548,2026-04-07,north,filters,8,False
O00549,2026-04-18,east,engine,1,False
O00550,2026-04-01,central,electrical,1,False
O00551,2026-04-13,central,engine,2,False
O00552,2026-04-28,south,suspension,2,False
O00553,2026-04-14,north,electrical,2,False
O00554,2026-04-01,west,filters,1,False
O00555,2026-04-22,east,suspension,4,False
O00556,2026-04-21,west,brakes,4,False
O00557,2026-04-17,central,electrical,3,False
O00558,2026-04-06,central,electrical,2,False
O00559,2026-04-17,north,engine,2,False
O00560,2026-04-06,south,brakes,2,False
O00561,2026-04-10,north,engine,6,False
O00562,2026-04-09,central,suspension,2,False
O00563,2026-04-01,central,electrical,2,False
O00564,2026-04-14,central,filters,4,False
O00565,2026-04-06,west,suspension,4,False
O00566,2026-04-17,south,electrical,1,False
O00567,2026-04-10,east,filters,2,False
O00568,2026-04-27,west,suspension,1,True
O00569,2026-04-03,south,brakes,3,False
O00570,2026-04-14,south,suspension,5,False
O00571,2026-04-10,east,filters,5,False
O00572,2026-04-11,south,filters,5,False
O00573,2026-04-25,central,engine,4,False
O00574,2026-04-09,central,electrical,2,False
O00575,2026-04-02,east,filters,2,False
O00576,2026-04-30,north,engine,1,True
O00577,2026-04-28,south,electrical,3,True
O00578,2026-04-08,central,filters,5,False
O00579,2026-04-29,west,engine,3,False
O00580,2026-04-09,south,brakes,3,False
O00581,2026-04-21,south,brakes,2,False
O00582,2026-04-03,south,brakes,2,False
O00583,2026-04-27,south,brakes,4,False
O00584,2026-04-18,west,filters,2,False
O00585,2026-04-28,east,filters,1,False
O00586,2026-04-12,east,filters,4,False
O00587,2026-04-16,west,suspension,1,False
O00588,2026-04-12,central,brakes,5,False
O00589,2026-04-09,central,engine,4,False
O00590,2026-04-23,north,suspension,5,False
O00591,2026-04-06,south,electrical,2,False
O00592,2026-04-29,south,suspension,5,False
O00593,2026-04-15,west,filters,5,False
O00594,2026-04-26,central,suspension,6,True
O00595,2026-04-18,west,brakes,6,False
O00596,2026-04-18,east,suspension,1,False
O00597,2026-04-13,central,engine,2,False
O00598,2026-04-25,east,electrical,4,False
O00599,2026-04-13,central,brakes,3,False
O00600,2026-04-20,south,filters,4,False
O00601,2026-04-30,central,brakes,3,False
O00602,2026-04-18,south,brakes,2,False
O00603,2026-04-28,south,filters,3,False
O00604,2026-04-21,south,brakes,3,False
O00605,2026-04-20,central,brakes,4,False
O00606,2026-04-11,south,filters,5,False
O00607,2026-04-25,north,electrical,2,True
O00608,2026-04-19,south,filters,4,False
O00609,2026-04-09,west,filters,4,False
O00610,2026-04-12,west,filters,6,False
O00611,2026-04-08,central,suspension,2,False
O00612,2026-04-16,west,brakes,4,False
O00613,2026-04-30,north,brakes,1,False
O00614,2026-04-30,west,filters,3,False
O00615,2026-04-22,west,brakes,5,False
O00616,2026-04-11,central,suspension,6,False
O00617,2026-04-12,north,filters,7,False
O00618,2026-04-09,south,filters,5,False
O00619,2026-04-21,south,electrical,1,False
O00620,2026-04-24,north,engine,1,True
O00621,2026-04-17,north,filters,4,False
O00622,2026-04-29,east,engine,3,False
O00623,2026-04-03,north,electrical,2,False
O00624,2026-04-22,west,suspension,4,False
O00625,2026-04-02,central,electrical,3,False
O00626,2026-04-19,north,brakes,4,False
O00627,2026-04-16,central,engine,1,False
O00628,2026-04-29,east,brakes,3,False
O00629,2026-04-15,east,filters,4,False
O00630,2026-04-17,south,engine,1,True
O00631,2026-04-20,central,electrical,3,False
O00632,2026-04-23,south,electrical,2,False
O00633,2026-04-09,east,brakes,1,False
O00634,2026-04-24,east,suspension,3,True
O00635,2026-04-20,central,engine,1,False
O00636,2026-04-14,west,brakes,1,False
O00637,2026-04-16,east,suspension,2,False
O00638,2026-04-13,central,electrical,2,False
O00639,2026-04-23,west,engine,5,False
O00640,2026-04-07,south,electrical,2,False
O00641,2026-04-21,south,brakes,3,False
O00642,2026-04-22,south,electrical,3,False
O00643,2026-04-11,east,filters,3,False
O00644,2026-04-23,south,filters,2,False
O00645,2026-04-25,west,filters,3,False
O00646,2026-04-25,central,suspension,2,False
O00647,2026-04-19,south,brakes,3,False
O00648,2026-04-18,central,suspension,4,False
O00649,2026-04-23,north,brakes,6,True
O00650,2026-04-03,north,filters,3,False
O00651,2026-04-22,west,filters,3,False
O00652,2026-04-03,east,brakes,1,False
O00653,2026-04-11,west,filters,4,False
O00654,2026-04-08,east,suspension,1,False
O00655,2026-04-13,central,filters,5,False
O00656,2026-04-15,central,brakes,1,False
O00657,2026-04-23,central,brakes,4,False
O00658,2026-04-09,central,electrical,2,False
O00659,2026-04-04,east,filters,3,False
O00660,2026-04-04,south,filters,4,True
O00661,2026-04-30,west,brakes,1,False
O00662,2026-04-10,central,filters,2,False
O00663,2026-04-18,west,suspension,1,False
O00664,2026-04-17,north,suspension,6,True
O00665,2026-04-12,west,suspension,3,False
O00666,2026-04-27,central,suspension,3,False
O00667,2026-04-10,north,suspension,2,False
O00668,2026-04-16,south,suspension,3,False
O00669,2026-04-14,south,electrical,4,False
O00670,2026-04-20,central,electrical,2,False
O00671,2026-04-23,west,suspension,1,False
O00672,2026-04-08,central,suspension,3,False
O00673,2026-04-30,north,filters,4,False
O00674,2026-04-02,south,engine,6,False
O00675,2026-04-17,central,engine,3,False
O00676,2026-04-05,south,brakes,3,False
O00677,2026-04-19,west,brakes,2,False
O00678,2026-04-18,north,brakes,6,False
O00679,2026-04-24,central,filters,3,False
O00680,2026-04-16,east,brakes,6,False
O00681,2026-04-20,east,engine,1,False
O00682,2026-04-20,west,filters,4,False
O00683,2026-04-21,east,filters,2,False
O00684,2026-04-21,north,filters,7,False
O00685,2026-04-22,south,engine,2,False
O00686,2026-04-07,south,electrical,3,False
O00687,2026-04-19,east,electrical,4,False
O00688,2026-04-11,south,electrical,1,False
O00689,2026-04-22,north,brakes,3,False
O00690,2026-04-29,west,brakes,3,False
O00691,2026-04-27,west,filters,7,False
O00692,2026-04-25,central,engine,1,False
O00693,2026-04-09,central,electrical,2,True
O00694,2026-04-08,south,engine,2,False
O00695,2026-04-11,north,brakes,3,False
O00696,2026-04-22,north,brakes,3,False
O00697,2026-04-28,east,suspension,1,False
O00698,2026-04-29,north,filters,5,False
O00699,2026-04-02,south,suspension,2,False
O00700,2026-04-09,east,filters,4,False
O00701,2026-04-27,central,electrical,1,False
O00702,2026-04-24,north,electrical,3,False
O00703,2026-04-18,east,filters,2,False
O00704,2026-04-17,north,filters,3,False
O00705,2026-04-20,central,filters,4,False
O00706,2026-04-06,north,electrical,3,False
O00707,2026-04-18,north,suspension,1,False
O00708,2026-04-30,north,electrical,4,False
O00709,2026-04-19,west,electrical,3,False
O00710,2026-04-26,south,filters,3,False
O00711,2026-04-01,north,engine,2,False
O00712,2026-04-23,south,filters,6,False
O00713,2026-04-07,central,engine,1,False
O00714,2026-04-09,north,brakes,6,False
O00715,2026-04-02,central,brakes,3,False
O00716,2026-04-14,south,filters,3,False
O00717,2026-04-14,west,engine,2,False
O00718,2026-04-30,south,suspension,3,False
O00719,2026-04-22,central,engine,2,False
O00720,2026-04-17,west,electrical,3,False
O00721,2026-04-27,central,filters,4,False
O00722,2026-04-21,north,electrical,1,False
O00723,2026-04-22,north,suspension,2,False
O00724,2026-04-21,central,engine,2,False
O00725,2026-04-03,west,filters,3,False
O00726,2026-04-28,west,brakes,3,False
O00727,2026-04-11,north,electrical,3,False
O00728,2026-04-04,central,suspension,1,False
O00729,2026-04-17,east,electrical,3,False
O00730,2026-04-02,north,electrical,3,False
O00731,2026-04-20,north,suspension,2,True
O00732,2026-04-28,north,electrical,1,False
O00733,2026-04-16,central,suspension,3,False
O00734,2026-04-05,north,filters,4,False
O00735,2026-04-21,south,filters,4,False
O00736,2026-04-24,central,engine,2,False
O00737,2026-04-13,south,filters,5,False
O00738,2026-04-18,east,engine,1,False
O00739,2026-04-12,north,filters,6,True
O00740,2026-04-29,west,brakes,3,False
O00741,2026-04-29,west,suspension,4,False
O00742,2026-04-13,west,filters,3,False
O00743,2026-04-16,central,electrical,1,False
O00744,2026-04-22,central,suspension,2,True
O00745,2026-04-04,south,filters,3,False
O00746,2026-04-29,central,electrical,2,False
O00747,2026-04-13,north,brakes,1,False
O00748,2026-04-20,central,brakes,4,False
O00749,2026-04-21,north,suspension,3,False
O00750,2026-04-04,west,suspension,3,False
O00751,2026-04-11,central,filters,3,False
O00752,2026-04-11,north,filters,2,False
O00753,2026-04-26,south,brakes,1,False
O00754,2026-04-11,west,filters,3,False
O00755,2026-04-24,central,filters,3,False
O00756,2026-04-16,north,brakes,1,False
O00757,2026-04-26,south,brakes,3,False
O00758,2026-04-28,north,suspension,3,False
O00759,2026-04-02,east,electrical,3,False
O00760,2026-04-13,central,filters,1,False
O00761,2026-04-05,south,brakes,4,False
O00762,2026-04-05,central,filters,3,False
O00763,2026-04-17,east,filters,4,False
O00764,2026-04-30,south,brakes,2,False
O00765,2026-04-17,south,brakes,3,False
O00766,2026-04-22,east,suspension,1,True
O00767,2026-04-01,west,electrical,1,False
O00768,2026-04-04,central,engine,2,False
O00769,2026-04-17,central,suspension,2,True
O00770,2026-04-07,north,engine,3,False
O00771,2026-04-01,south,engine,1,False
O00772,2026-04-06,south,filters,1,False
O00773,2026-04-28,north,suspension,2,False
O00774,2026-04-13,south,filters,4,False
O00775,2026-04-17,central,suspension,2,False
O00776,2026-04-28,north,engine,4,False
O00777,2026-04-18,west,brakes,3,False
O00778,2026-04-11,east,electrical,4,False
O00779,2026-04-20,central,filters,4,False
O00780,2026-04-29,east,electrical,4,False
O00781,2026-04-26,south,filters,7,False
O00782,2026-04-11,central,electrical,1,False
O00783,2026-04-27,south,suspension,3,False
O00784,2026-04-26,west,suspension,3,False
O00785,2026-04-01,south,engine,2,False
O00786,2026-04-30,east,engine,1,False
O00787,2026-04-06,west,filters,8,False
O00788,2026-04-01,east,engine,2,False
O00789,2026-04-12,central,suspension,4,False
O00790,2026-04-21,south,filters,3,False
O00791,2026-04-25,central,electrical,2,False
O00792,2026-04-10,south,brakes,4,False
O00793,2026-04-24,west,brakes,1,False
O00794,2026-04-11,central,filters,7,False
O00795,2026-04-13,central,filters,7,False
O00796,2026-04-20,south,engine,1,False
O00797,2026-04-26,east,brakes,4,False
O00798,2026-04-04,central,suspension,2,True
O00799,2026-04-09,central,engine,4,False
O00800,2026-04-07,central,engine,1,False
O00801,2026-04-18,central,engine,2,False
O00802,2026-04-26,central,suspension,3,False
O00803,2026-04-23,north,suspension,2,False
O00804,2026-04-18,west,brakes,1,True
O00805,2026-04-20,central,suspension,1,False
O00806,2026-04-17,south,brakes,2,False
O00807,2026-04-05,central,filters,3,False
O00808,2026-04-19,east,brakes,4,False
O00809,2026-04-12,central,suspension,3,False
O00810,2026-04-07,central,engine,3,False
O00811,2026-04-10,east,electrical,1,False
O00812,2026-04-13,south,filters,5,False
O00813,2026-04-10,west,electrical,2,False
O00814,2026-04-28,east,filters,3,False
O00815,2026-04-02,west,engine,1,False
O00816,2026-04-11,north,suspension,4,False
O00817,2026-04-12,north,electrical,1,True
O00818,2026-04-06,central,engine,3,False
O00819,2026-04-19,west,brakes,4,False
O00820,2026-04-12,west,filters,5,False
O00821,2026-04-24,north,filters,5,False
O00822,2026-04-01,south,electrical,2,False
O00823,2026-04-15,west,filters,6,False
O00824,2026-04-05,central,engine,1,False
O00825,2026-04-03,central,filters,4,False
O00826,2026-04-01,central,brakes,1,False
O00827,2026-04-26,central,filters,2,False
O00828,2026-04-27,east,brakes,1,False
O00829,2026-04-24,east,filters,6,False
O00830,2026-04-28,east,brakes,5,False
O00831,2026-04-22,west,brakes,2,False
O00832,2026-04-08,north,suspension,1,False
O00833,2026-04-17,north,suspension,5,False
O00834,2026-04-05,central,filters,3,False
O00835,2026-04-28,north,filters,2,False
O00836,2026-04-25,central,engine,2,False
O00837,2026-04-22,south,filters,1,False
O00838,2026-04-14,west,suspension,2,False
O00839,2026-04-27,central,filters,5,False
O00840,2026-04-21,central,brakes,3,False
O00841,2026-04-05,south,suspension,2,False
O00842,2026-04-29,south,filters,3,False
O00843,2026-04-19,east,engine,2,False
O00844,2026-04-16,north,suspension,4,False
O00845,2026-04-22,east,filters,4,False
O00846,2026-04-25,north,filters,2,True
O00847,2026-04-14,west,engine,2,False
O00848,2026-04-21,east,filters,4,False
O00849,2026-04-21,central,filters,5,False
O00850,2026-04-10,central,electrical,1,False
O00851,2026-04-07,central,brakes,4,False
O00852,2026-04-28,north,brakes,2,False
O00853,2026-04-08,south,electrical,3,True
O00854,2026-04-25,central,brakes,3,False
O00855,2026-04-03,south,brakes,4,False
O00856,2026-04-24,central,filters,3,False
O00857,2026-04-12,south,engine,1,False
O00858,2026-04-23,central,suspension,3,False
O00859,2026-04-25,central,engine,2,False
O00860,2026-04-16,west,suspension,3,False
O00861,2026-04-14,central,filters,5,False
O00862,2026-04-19,west,electrical,3,False
O00863,2026-04-03,south,brakes,4,False
O00864,2026-04-09,west,filters,4,False
O00865,2026-04-23,west,brakes,5,False
O00866,2026-04-02,north,engine,5,False
O00867,2026-04-19,west,brakes,4,False
O00868,2026-04-21,north,engine,2,False
O00869,2026-04-16,east,brakes,4,False
O00870,2026-04-24,east,filters,5,False
O00871,2026-04-23,west,brakes,1,False
O00872,2026-04-04,west,filters,5,False
O00873,2026-04-06,north,filters,7,False
O00874,2026-04-02,central,brakes,3,False
O00875,2026-04-26,west,brakes,4,False
O00876,2026-04-24,south,filters,4,False
O00877,2026-04-06,central,filters,1,False
O00878,2026-04-22,central,electrical,2,False
O00879,2026-04-04,west,electrical,3,False
O00880,2026-04-29,north,filters,2,False
O00881,2026-04-09,north,filters,2,False
O00882,2026-04-10,central,engine,2,False
O00883,2026-04-17,central,engine,3,False
O00884,2026-04-14,west,suspension,1,False
O00885,2026-04-01,central,filters,4,False
O00886,2026-04-22,east,engine,3,False
O00887,2026-04-07,central,filters,5,False
O00888,2026-04-29,east,brakes,5,False
O00889,2026-04-18,central,filters,6,False
O00890,2026-04-21,central,filters,3,True
O00891,2026-04-01,south,suspension,4,False
O00892,2026-04-29,north,engine,3,False
O00893,2026-04-03,south,suspension,3,False
O00894,2026-04-10,central,electrical,5,False
O00895,2026-04-15,north,engine,2,False
O00896,2026-04-03,central,filters,3,False
O00897,2026-04-03,central,engine,5,False
O00898,2026-04-25,east,suspension,2,False
O00899,2026-04-22,west,suspension,1,True
O00900,2026-04-17,west,filters,1,False
O00901,2026-04-13,north,brakes,2,False
O00902,2026-04-17,east,filters,5,False
O00903,2026-04-04,south,filters,3,False
O00904,2026-04-18,east,suspension,1,False
O00905,2026-04-19,south,filters,9,False
O00906,2026-04-25,north,electrical,3,False
O00907,2026-04-11,west,brakes,3,False
O00908,2026-04-08,east,suspension,2,False
O00909,2026-04-03,west,suspension,2,False
O00910,2026-04-16,west,engine,2,False
O00911,2026-04-04,east,brakes,5,True
O00912,2026-04-22,north,electrical,2,False
O00913,2026-04-05,west,filters,5,False
O00914,2026-04-13,central,filters,3,False
O00915,2026-04-08,west,engine,4,False
O00916,2026-04-20,north,engine,2,False
O00917,2026-04-19,central,electrical,1,False
O00918,2026-04-19,east,electrical,2,False
O00919,2026-04-29,west,suspension,4,False
O00920,2026-04-04,south,suspension,1,False
O00921,2026-04-19,central,suspension,4,False
O00922,2026-04-13,central,brakes,3,False
O00923,2026-04-23,north,filters,4,False
O00924,2026-04-05,east,filters,2,False
O00925,2026-04-04,east,brakes,4,False
O00926,2026-04-21,north,brakes,4,False
O00927,2026-04-10,central,brakes,3,False
O00928,2026-04-14,central,filters,6,False
O00929,2026-04-08,south,filters,4,False
O00930,2026-04-18,central,electrical,2,False
O00931,2026-04-10,south,brakes,6,False
O00932,2026-04-06,west,suspension,4,False
O00933,2026-04-26,north,brakes,2,False
O00934,2026-04-17,north,brakes,3,False
O00935,2026-04-28,west,engine,1,False
O00936,2026-04-01,south,brakes,1,False
O00937,2026-04-21,east,engine,2,False
O00938,2026-04-07,central,engine,3,False
O00939,2026-04-15,south,brakes,3,False
O00940,2026-04-28,central,engine,2,False
O00941,2026-04-25,north,engine,1,False
O00942,2026-04-28,south,brakes,4,False
O00943,2026-04-23,west,filters,6,False
O00944,2026-04-19,central,engine,1,False
O00945,2026-04-16,east,filters,6,False
O00946,2026-04-05,south,brakes,2,False
O00947,2026-04-18,central,filters,4,False
O00948,2026-04-29,east,engine,2,False
O00949,2026-04-24,west,engine,1,False
O00950,2026-04-20,central,filters,4,False
O00951,2026-04-24,south,engine,2,False
O00952,2026-04-23,central,suspension,3,False
O00953,2026-04-26,east,filters,7,False
O00954,2026-04-30,south,engine,2,False
O00955,2026-04-24,west,brakes,1,False
O00956,2026-04-14,east,electrical,3,False
O00957,2026-04-06,east,brakes,4,True
O00958,2026-04-05,central,electrical,5,False
O00959,2026-04-11,north,suspension,1,False
O00960,2026-04-19,south,suspension,1,False
O00961,2026-04-19,north,brakes,3,False
O00962,2026-04-14,central,filters,4,True
O00963,2026-04-30,south,suspension,5,False
O00964,2026-04-01,north,brakes,4,False
O00965,2026-04-26,west,electrical,1,False
O00966,2026-04-27,central,suspension,5,False
O00967,2026-04-22,central,suspension,2,False
O00968,2026-04-21,central,engine,3,False
O00969,2026-04-28,south,filters,5,False
O00970,2026-04-05,north,brakes,1,False
O00971,2026-04-03,central,engine,4,False
O00972,2026-04-21,central,brakes,3,False
O00973,2026-04-17,central,engine,3,False
O00974,2026-04-09,central,brakes,5,False
O00975,2026-04-03,west,filters,4,False
O00976,2026-04-22,west,brakes,3,False
O00977,2026-04-18,west,suspension,1,False
O00978,2026-04-15,central,filters,5,False
O00979,2026-04-22,central,brakes,4,False
O00980,2026-04-04,north,suspension,2,False
O00981,2026-04-19,west,brakes,4,False
O00982,2026-04-14,central,engine,1,False
O00983,2026-04-06,east,filters,4,False
O00984,2026-04-10,west,brakes,3,False
O00985,2026-04-30,south,brakes,3,False
O00986,2026-04-11,central,brakes,4,False
O00987,2026-04-23,central,brakes,4,False
O00988,2026-04-03,north,brakes,3,False
O00989,2026-04-24,east,filters,7,False
O00990,2026-04-17,east,filters,3,False
O00991,2026-04-08,south,suspension,4,False
O00992,2026-04-25,central,suspension,2,False
O00993,2026-04-01,west,electrical,4,False
O00994,2026-04-12,west,filters,4,False
O00995,2026-04-13,east,engine,1,False
O00996,2026-04-23,central,engine,4,False
O00997,2026-04-23,north,electrical,3,False
O00998,2026-04-17,east,brakes,5,False
O00999,2026-04-30,east,electrical,2,False
O01000,2026-04-04,central,brakes,2,True
O01001,2026-04-15,north,electrical,1,False
O01002,2026-04-14,south,electrical,2,False
O01003,2026-04-27,east,filters,4,False
O01004,2026-04-19,east,electrical,3,False
O01005,2026-04-30,west,brakes,2,True
O01006,2026-04-09,south,suspension,5,False
O01007,2026-04-15,central,suspension,2,False
O01008,2026-04-19,north,filters,2,False
O01009,2026-04-03,central,brakes,2,False
O01010,2026-04-18,central,suspension,1,False
O01011,2026-04-09,north,brakes,1,False
O01012,2026-04-17,central,filters,2,False
O01013,2026-04-03,central,filters,1,False
O01014,2026-04-11,east,brakes,4,False
O01015,2026-04-28,north,electrical,1,False
O01016,2026-04-13,east,brakes,2,False
O01017,2026-04-27,east,electrical,2,False
O01018,2026-04-13,east,electrical,1,False
O01019,2026-04-13,south,suspension,2,False
O01020,2026-04-03,west,filters,4,False
O01021,2026-04-09,central,filters,5,False
O01022,2026-04-14,north,brakes,4,False
O01023,2026-04-05,south,filters,3,False
O01024,2026-04-20,north,filters,2,False
O01025,2026-04-14,south,filters,3,False
O01026,2026-04-08,central,engine,2,False
O01027,2026-04-18,north,suspension,2,False
O01028,2026-04-02,central,suspension,4,False
O01029,2026-04-02,north,filters,6,False
O01030,2026-04-19,west,filters,4,False
O01031,2026-04-13,west,brakes,2,True
O01032,2026-04-24,west,engine,1,False
O01033,2026-04-05,central,filters,2,False
O01034,2026-04-19,west,filters,3,False
O01035,2026-04-06,west,brakes,2,False
O01036,2026-04-15,west,engine,3,False
O01037,2026-04-19,east,filters,6,False
O01038,2026-04-28,central,brakes,3,False
O01039,2026-04-24,north,engine,2,False
O01040,2026-04-20,central,filters,3,False
O01041,2026-04-18,east,engine,4,False
O01042,2026-04-13,north,filters,6,False
O01043,2026-04-26,central,electrical,2,False
O01044,2026-04-17,east,electrical,3,False
O01045,2026-04-26,west,engine,1,False
O01046,2026-04-28,central,filters,4,False
O01047,2026-04-04,south,brakes,3,False
O01048,2026-04-19,west,brakes,2,False
O01049,2026-04-28,north,engine,3,False
O01050,2026-04-17,central,suspension,3,False
O01051,2026-04-09,east,filters,4,False
O01052,2026-04-08,central,filters,7,False
O01053,2026-04-02,north,suspension,3,True
O01054,2026-04-07,north,brakes,4,True
O01055,2026-04-21,west,brakes,6,False
O01056,2026-04-22,central,filters,4,False
O01057,2026-04-11,south,filters,9,False
O01058,2026-04-28,west,electrical,4,False
O01059,2026-04-28,south,filters,2,False
O01060,2026-04-14,east,brakes,4,False
O01061,2026-04-02,central,suspension,1,False
O01062,2026-04-30,south,brakes,3,False
O01063,2026-04-10,west,electrical,3,False
O01064,2026-04-12,west,filters,5,False
O01065,2026-04-01,north,brakes,3,False
O01066,2026-04-26,north,brakes,4,False
O01067,2026-04-01,south,brakes,2,False
O01068,2026-04-29,south,brakes,3,False
O01069,2026-04-08,south,electrical,3,True
O01070,2026-04-13,north,filters,3,False
O01071,2026-04-30,east,brakes,1,False
O01072,2026-04-21,west,suspension,2,False
O01073,2026-04-12,south,filters,2,False
O01074,2026-04-05,west,brakes,2,False
O01075,2026-04-28,west,brakes,1,False
O01076,2026-04-13,west,engine,2,False
O01077,2026-04-19,west,brakes,3,False
O01078,2026-04-22,central,suspension,3,False
O01079,2026-04-30,south,electrical,4,False
O01080,2026-04-14,west,suspension,2,False
O01081,2026-04-09,central,brakes,3,False
O01082,2026-04-16,south,brakes,6,False
O01083,2026-04-03,central,filters,5,False
O01084,2026-04-13,central,filters,6,False
O01085,2026-04-30,west,filters,4,False
O01086,2026-04-20,south,brakes,2,False
O01087,2026-04-29,central,suspension,5,False
O01088,2026-04-14,south,filters,2,False
O01089,2026-04-25,west,filters,3,False
O01090,2026-04-15,east,filters,4,False
O01091,2026-04-14,north,engine,2,False
O01092,2026-04-04,central,filters,2,False
O01093,2026-04-22,east,engine,4,False
O01094,2026-04-22,east,filters,3,False
O01095,2026-04-05,central,filters,5,False
O01096,2026-04-22,west,suspension,3,False
O01097,2026-04-15,south,suspension,5,False
O01098,2026-04-12,east,filters,4,False
O01099,2026-04-21,south,suspension,2,False
O01100,2026-04-17,east,brakes,5,False
O01101,2026-04-22,east,engine,3,False
O01102,2026-04-03,central,filters,3,False
O01103,2026-04-02,central,electrical,2,False
O01104,2026-04-08,south,brakes,3,False
O01105,2026-04-09,central,electrical,3,False
O01106,2026-04-03,north,engine,2,False
O01107,2026-04-26,east,filters,5,False
O01108,2026-04-07,east,brakes,1,False
O01109,2026-04-01,east,filters,3,False
O01110,2026-04-26,central,brakes,3,False
O01111,2026-04-13,west,engine,4,False
O01112,2026-04-29,central,filters,5,False
O01113,2026-04-30,east,electrical,2,False
O01114,2026-04-16,north,engine,2,False
O01115,2026-04-29,west,filters,3,False
O01116,2026-04-03,central,brakes,4,False
O01117,2026-04-05,central,suspension,2,False
O01118,2026-04-14,south,suspension,1,False
O01119,2026-04-27,west,filters,1,False
O01120,2026-04-18,east,filters,5,False
O01121,2026-04-03,central,suspension,3,False
O01122,2026-04-05,central,engine,3,False
O01123,2026-04-06,south,brakes,5,False
O01124,2026-04-19,west,filters,4,True
O01125,2026-04-02,west,engine,1,False
O01126,2026-04-18,central,brakes,2,False
O01127,2026-04-08,east,filters,2,False
O01128,2026-04-10,central,electrical,1,False
O01129,2026-04-07,north,suspension,1,False
O01130,2026-04-01,central,brakes,3,False
O01131,2026-04-17,south,brakes,8,True
O01132,2026-04-28,east,filters,7,False
O01133,2026-04-17,central,filters,6,False
O01134,2026-04-28,east,filters,2,False
O01135,2026-04-22,east,brakes,3,False
O01136,2026-04-13,east,electrical,2,False
O01137,2026-04-16,west,suspension,6,False
O01138,2026-04-05,east,engine,4,False
O01139,2026-04-11,west,brakes,2,False
O01140,2026-04-28,central,electrical,2,False
O01141,2026-04-08,central,electrical,2,False
O01142,2026-04-25,east,filters,2,False
O01143,2026-04-24,west,brakes,5,False
O01144,2026-04-21,south,brakes,2,False
O01145,2026-04-08,north,filters,1,False
O01146,2026-04-21,south,engine,3,False
O01147,2026-04-20,east,electrical,2,False
O01148,2026-04-01,east,engine,1,False
O01149,2026-04-30,north,filters,3,False
O01150,2026-04-16,north,engine,2,False
O01151,2026-04-02,south,electrical,1,False
O01152,2026-04-10,central,filters,2,False
O01153,2026-04-14,central,brakes,3,False
O01154,2026-04-09,west,filters,6,False
O01155,2026-04-22,east,filters,4,False
O01156,2026-04-18,central,electrical,2,False
O01157,2026-04-28,west,brakes,5,False
O01158,2026-04-23,south,brakes,1,False
O01159,2026-04-06,central,filters,1,False
O01160,2026-04-30,west,suspension,3,False
O01161,2026-04-09,west,brakes,3,False
O01162,2026-04-04,south,filters,3,False
O01163,2026-04-30,south,suspension,4,False
O01164,2026-04-06,west,suspension,4,False
O01165,2026-04-23,central,electrical,2,False
O01166,2026-04-22,west,engine,5,False
O01167,2026-04-29,west,filters,2,False
O01168,2026-04-19,west,filters,5,False
O01169,2026-04-14,east,filters,2,False
O01170,2026-04-07,west,electrical,4,False
O01171,2026-04-23,east,filters,3,False
O01172,2026-04-14,west,filters,5,False
O01173,2026-04-11,central,electrical,1,False
O01174,2026-04-16,south,suspension,1,False
O01175,2026-04-25,south,brakes,4,False
O01176,2026-04-11,central,filters,3,False
O01177,2026-04-05,west,brakes,2,False
O01178,2026-04-06,central,electrical,3,False
O01179,2026-04-25,west,filters,8,False
O01180,2026-04-08,south,filters,3,False
O01181,2026-04-09,south,brakes,3,False
O01182,2026-04-19,north,brakes,1,False
O01183,2026-04-28,central,suspension,6,False
O01184,2026-04-14,central,electrical,2,False
O01185,2026-04-11,west,brakes,1,False
O01186,2026-04-11,central,suspension,4,False
O01187,2026-04-11,central,electrical,4,False
O01188,2026-04-04,west,suspension,2,False
O01189,2026-04-22,central,engine,1,False
O01190,2026-04-17,west,electrical,3,False
O01191,2026-04-14,south,brakes,2,False
O01192,2026-04-27,west,filters,1,False
O01193,2026-04-08,east,electrical,3,False
O01194,2026-04-21,east,electrical,1,False
O01195,2026-04-08,central,suspension,3,False
O01196,2026-04-23,north,filters,4,False
O01197,2026-04-13,central,filters,6,False
O01198,2026-04-15,central,brakes,2,False
O01199,2026-04-04,south,filters,1,False
O01200,2026-04-19,west,filters,6,False
