date,day_type,hour,requests
2026-03-01,weekend,0,1
2026-03-01,weekend,1,1
2026-03-01,weekend,2,0
2026-03-01,weekend,3,1
2026-03-01,weekend,4,0
2026-03-01,weekend,5,0
2026-03-01,weekend,6,1
2026-03-01,weekend,7,1
2026-03-01,weekend,8,5
2026-03-01,weekend,9,3
2026-03-01,weekend,10,1
2026-03-01,weekend,11,6
2026-03-01,weekend,12,3
2026-03-01,weekend,13,5
2026-03-01,weekend,14,4
2026-03-01,weekend,15,6
2026-03-01,weekend,16,3
2026-03-01,weekend,17,4
2026-03-01,weekend,18,2
2026-03-01,weekend,19,6
2026-03-01,weekend,20,1
2026-03-01,weekend,21,1
2026-03-01,weekend,22,1
2026-03-01,weekend,23,1
2026-03-02,weekday,0,1
2026-03-02,weekday,1,0
2026-03-02,weekday,2,3
2026-03-02,weekday,3,4
2026-03-02,weekday,4,1
2026-03-02,weekday,5,0
2026-03-02,weekday,6,2
2026-03-02,weekday,7,1
2026-03-02,weekday,8,6
2026-03-02,weekday,9,5
2026-03-02,weekday,10,7
2026-03-02,weekday,11,8
2026-03-02,weekday,12,11
2026-03-02,weekday,13,15
2026-03-02,weekday,14,6
2026-03-02,weekday,15,5
2026-03-02,weekday,16,10
2026-03-02,weekday,17,9
2026-03-02,weekday,18,4
2026-03-02,weekday,19,3
2026-03-02,weekday,20,3
2026-03-02,weekday,21,4
2026-03-02,weekday,22,1
2026-03-02,weekday,23,0
2026-03-03,weekday,0,3
2026-03-03,weekday,1,3
2026-03-03,weekday,2,1
2026-03-03,weekday,3,0
2026-03-03,weekday,4,3
2026-03-03,weekday,5,0
2026-03-03,weekday,6,0
2026-03-03,weekday,7,0
2026-03-03,weekday,8,7
2026-03-03,weekday,9,4
2026-03-03,weekday,10,6
2026-03-03,weekday,11,6
2026-03-03,weekday,12,6
2026-03-03,weekday,13,4
2026-03-03,weekday,14,6
2026-03-03,weekday,15,11
2026-03-03,weekday,16,7
2026-03-03,weekday,17,4
2026-03-03,weekday,18,3
2026-03-03,weekday,19,4
2026-03-03,weekday,20,7
2026-03-03,weekday,21,3
2026-03-03,weekday,22,2
2026-03-03,weekday,23,0
2026-03-04,weekday,0,1
2026-03-04,weekday,1,2
2026-03-04,weekday,2,3
2026-03-04,weekday,3,2
2026-03-04,weekday,4,1
2026-03-04,weekday,5,1
2026-03-04,weekday,6,1
2026-03-04,weekday,7,1
2026-03-04,weekday,8,8
2026-03-04,weekday,9,10
2026-03-04,weekday,10,12
2026-03-04,weekday,11,7
2026-03-04,weekday,12,10
2026-03-04,weekday,13,5
2026-03-04,weekday,14,5
2026-03-04,weekday,15,5
2026-03-04,weekday,16,12
2026-03-04,weekday,17,3
2026-03-04,weekday,18,5
2026-03-04,weekday,19,2
2026-03-04,weekday,20,2
2026-03-04,weekday,21,2
2026-03-04,weekday,22,1
2026-03-04,weekday,23,1
2026-03-05,weekday,0,3
2026-03-05,weekday,1,3
2026-03-05,weekday,2,0
2026-03-05,weekday,3,2
2026-03-05,weekday,4,3
2026-03-05,weekday,5,2
2026-03-05,weekday,6,3
2026-03-05,weekday,7,2
2026-03-05,weekday,8,7
2026-03-05,weekday,9,9
2026-03-05,weekday,10,9
2026-03-05,weekday,11,13
2026-03-05,weekday,12,3
2026-03-05,weekday,13,8
2026-03-05,weekday,14,8
2026-03-05,weekday,15,6
2026-03-05,weekday,16,13
2026-03-05,weekday,17,6
2026-03-05,weekday,18,0
2026-03-05,weekday,19,4
2026-03-05,weekday,20,8
2026-03-05,weekday,21,8
2026-03-05,weekday,22,1
2026-03-05,weekday,23,3
2026-03-06,weekday,0,2
2026-03-06,weekday,1,1
2026-03-06,weekday,2,1
2026-03-06,weekday,3,2
2026-03-06,weekday,4,1
2026-03-06,weekday,5,2
2026-03-06,weekday,6,1
2026-03-06,weekday,7,0
2026-03-06,weekday,8,9
2026-03-06,weekday,9,6
2026-03-06,weekday,10,7
2026-03-06,weekday,11,16
2026-03-06,weekday,12,8
2026-03-06,weekday,13,6
2026-03-06,weekday,14,8
2026-03-06,weekday,15,4
2026-03-06,weekday,16,12
2026-03-06,weekday,17,6
2026-03-06,weekday,18,4
2026-03-06,weekday,19,5
2026-03-06,weekday,20,3
2026-03-06,weekday,21,4
2026-03-06,weekday,22,1
2026-03-06,weekday,23,0
2026-03-07,weekend,0,0
2026-03-07,weekend,1,0
2026-03-07,weekend,2,2
2026-03-07,weekend,3,3
2026-03-07,weekend,4,1
2026-03-07,weekend,5,2
2026-03-07,weekend,6,1
2026-03-07,weekend,7,1
2026-03-07,weekend,8,2
2026-03-07,weekend,9,4
2026-03-07,weekend,10,1
2026-03-07,weekend,11,3
2026-03-07,weekend,12,3
2026-03-07,weekend,13,6
2026-03-07,weekend,14,3
2026-03-07,weekend,15,7
2026-03-07,weekend,16,1
2026-03-07,weekend,17,7
2026-03-07,weekend,18,4
2026-03-07,weekend,19,1
2026-03-07,weekend,20,3
2026-03-07,weekend,21,4
2026-03-07,weekend,22,1
2026-03-07,weekend,23,1
2026-03-08,weekend,0,1
2026-03-08,weekend,1,1
2026-03-08,weekend,2,2
2026-03-08,weekend,3,4
2026-03-08,weekend,4,0
2026-03-08,weekend,5,1
2026-03-08,weekend,6,0
2026-03-08,weekend,7,0
2026-03-08,weekend,8,2
2026-03-08,weekend,9,2
2026-03-08,weekend,10,1
2026-03-08,weekend,11,4
2026-03-08,weekend,12,3
2026-03-08,weekend,13,5
2026-03-08,weekend,14,6
2026-03-08,weekend,15,6
2026-03-08,weekend,16,3
2026-03-08,weekend,17,8
2026-03-08,weekend,18,5
2026-03-08,weekend,19,1
2026-03-08,weekend,20,0
2026-03-08,weekend,21,1
2026-03-08,weekend,22,1
2026-03-08,weekend,23,0
2026-03-09,weekday,0,0
2026-03-09,weekday,1,0
2026-03-09,weekday,2,1
2026-03-09,weekday,3,0
2026-03-09,weekday,4,2
2026-03-09,weekday,5,0
2026-03-09,weekday,6,2
2026-03-09,weekday,7,1
2026-03-09,weekday,8,11
2026-03-09,weekday,9,8
2026-03-09,weekday,10,7
2026-03-09,weekday,11,10
2026-03-09,weekday,12,7
2026-03-09,weekday,13,5
2026-03-09,weekday,14,10
2026-03-09,weekday,15,6
2026-03-09,weekday,16,9
2026-03-09,weekday,17,10
2026-03-09,weekday,18,2
2026-03-09,weekday,19,3
2026-03-09,weekday,20,6
2026-03-09,weekday,21,4
2026-03-09,weekday,22,1
2026-03-09,weekday,23,1
2026-03-10,weekday,0,4
2026-03-10,weekday,1,1
2026-03-10,weekday,2,2
2026-03-10,weekday,3,1
2026-03-10,weekday,4,0
2026-03-10,weekday,5,1
2026-03-10,weekday,6,1
2026-03-10,weekday,7,2
2026-03-10,weekday,8,12
2026-03-10,weekday,9,9
2026-03-10,weekday,10,2
2026-03-10,weekday,11,4
2026-03-10,weekday,12,12
2026-03-10,weekday,13,13
2026-03-10,weekday,14,10
2026-03-10,weekday,15,8
2026-03-10,weekday,16,7
2026-03-10,weekday,17,6
2026-03-10,weekday,18,4
2026-03-10,weekday,19,5
2026-03-10,weekday,20,2
2026-03-10,weekday,21,2
2026-03-10,weekday,22,0
2026-03-10,weekday,23,1
2026-03-11,weekday,0,1
2026-03-11,weekday,1,6
2026-03-11,weekday,2,3
2026-03-11,weekday,3,0
2026-03-11,weekday,4,2
2026-03-11,weekday,5,0
2026-03-11,weekday,6,0
2026-03-11,weekday,7,1
2026-03-11,weekday,8,9
2026-03-11,weekday,9,3
2026-03-11,weekday,10,8
2026-03-11,weekday,11,8
2026-03-11,weekday,12,8
2026-03-11,weekday,13,9
2026-03-11,weekday,14,8
2026-03-11,weekday,15,6
2026-03-11,weekday,16,7
2026-03-11,weekday,17,8
2026-03-11,weekday,18,9
2026-03-11,weekday,19,6
2026-03-11,weekday,20,4
2026-03-11,weekday,21,7
2026-03-11,weekday,22,0
2026-03-11,weekday,23,0
2026-03-12,weekday,0,2
2026-03-12,weekday,1,2
2026-03-12,weekday,2,0
2026-03-12,weekday,3,1
2026-03-12,weekday,4,0
2026-03-12,weekday,5,1
2026-03-12,weekday,6,1
2026-03-12,weekday,7,1
2026-03-12,weekday,8,5
2026-03-12,weekday,9,7
2026-03-12,weekday,10,8
2026-03-12,weekday,11,7
2026-03-12,weekday,12,10
2026-03-12,weekday,13,10
2026-03-12,weekday,14,8
2026-03-12,weekday,15,6
2026-03-12,weekday,16,5
2026-03-12,weekday,17,6
2026-03-12,weekday,18,2
2026-03-12,weekday,19,4
2026-03-12,weekday,20,3
2026-03-12,weekday,21,7
2026-03-12,weekday,22,1
2026-03-12,weekday,23,5
2026-03-13,weekday,0,0
2026-03-13,weekday,1,3
2026-03-13,weekday,2,2
2026-03-13,weekday,3,0
2026-03-13,weekday,4,0
2026-03-13,weekday,5,0
2026-03-13,weekday,6,2
2026-03-13,weekday,7,2
2026-03-13,weekday,8,7
2026-03-13,weekday,9,7
2026-03-13,weekday,10,8
2026-03-13,weekday,11,6
2026-03-13,weekday,12,7
2026-03-13,weekday,13,1
2026-03-13,weekday,14,11
2026-03-13,weekday,15,6
2026-03-13,weekday,16,5
2026-03-13,weekday,17,12
2026-03-13,weekday,18,5
2026-03-13,weekday,19,1
2026-03-13,weekday,20,9
2026-03-13,weekday,21,4
2026-03-13,weekday,22,1
2026-03-13,weekday,23,1
2026-03-14,weekend,0,1
2026-03-14,weekend,1,1
2026-03-14,weekend,2,1
2026-03-14,weekend,3,2
2026-03-14,weekend,4,0
2026-03-14,weekend,5,3
2026-03-14,weekend,6,3
2026-03-14,weekend,7,1
2026-03-14,weekend,8,7
2026-03-14,weekend,9,0
2026-03-14,weekend,10,2
2026-03-14,weekend,11,2
2026-03-14,weekend,12,2
2026-03-14,weekend,13,5
2026-03-14,weekend,14,3
2026-03-14,weekend,15,2
2026-03-14,weekend,16,6
2026-03-14,weekend,17,2
2026-03-14,weekend,18,4
2026-03-14,weekend,19,7
2026-03-14,weekend,20,3
2026-03-14,weekend,21,5
2026-03-14,weekend,22,2
2026-03-14,weekend,23,0
2026-03-15,weekend,0,2
2026-03-15,weekend,1,1
2026-03-15,weekend,2,3
2026-03-15,weekend,3,0
2026-03-15,weekend,4,0
2026-03-15,weekend,5,0
2026-03-15,weekend,6,1
2026-03-15,weekend,7,0
2026-03-15,weekend,8,3
2026-03-15,weekend,9,1
2026-03-15,weekend,10,4
2026-03-15,weekend,11,6
2026-03-15,weekend,12,5
2026-03-15,weekend,13,5
2026-03-15,weekend,14,4
2026-03-15,weekend,15,5
2026-03-15,weekend,16,7
2026-03-15,weekend,17,4
2026-03-15,weekend,18,7
2026-03-15,weekend,19,5
2026-03-15,weekend,20,4
2026-03-15,weekend,21,6
2026-03-15,weekend,22,2
2026-03-15,weekend,23,0
2026-03-16,weekday,0,2
2026-03-16,weekday,1,1
2026-03-16,weekday,2,0
2026-03-16,weekday,3,2
2026-03-16,weekday,4,2
2026-03-16,weekday,5,1
2026-03-16,weekday,6,1
2026-03-16,weekday,7,1
2026-03-16,weekday,8,12
2026-03-16,weekday,9,7
2026-03-16,weekday,10,8
2026-03-16,weekday,11,8
2026-03-16,weekday,12,7
2026-03-16,weekday,13,3
2026-03-16,weekday,14,9
2026-03-16,weekday,15,8
2026-03-16,weekday,16,11
2026-03-16,weekday,17,5
2026-03-16,weekday,18,3
2026-03-16,weekday,19,5
2026-03-16,weekday,20,4
2026-03-16,weekday,21,4
2026-03-16,weekday,22,1
2026-03-16,weekday,23,1
2026-03-17,weekday,0,4
2026-03-17,weekday,1,2
2026-03-17,weekday,2,1
2026-03-17,weekday,3,1
2026-03-17,weekday,4,3
2026-03-17,weekday,5,1
2026-03-17,weekday,6,0
2026-03-17,weekday,7,1
2026-03-17,weekday,8,7
2026-03-17,weekday,9,10
2026-03-17,weekday,10,8
2026-03-17,weekday,11,8
2026-03-17,weekday,12,12
2026-03-17,weekday,13,11
2026-03-17,weekday,14,2
2026-03-17,weekday,15,9
2026-03-17,weekday,16,7
2026-03-17,weekday,17,7
2026-03-17,weekday,18,7
2026-03-17,weekday,19,7
2026-03-17,weekday,20,3
2026-03-17,weekday,21,6
2026-03-17,weekday,22,1
2026-03-17,weekday,23,0
2026-03-18,weekday,0,0
2026-03-18,weekday,1,2
2026-03-18,weekday,2,2
2026-03-18,weekday,3,0
2026-03-18,weekday,4,2
2026-03-18,weekday,5,0
2026-03-18,weekday,6,1
2026-03-18,weekday,7,3
2026-03-18,weekday,8,8
2026-03-18,weekday,9,8
2026-03-18,weekday,10,6
2026-03-18,weekday,11,12
2026-03-18,weekday,12,8
2026-03-18,weekday,13,10
2026-03-18,weekday,14,5
2026-03-18,weekday,15,11
2026-03-18,weekday,16,6
2026-03-18,weekday,17,11
2026-03-18,weekday,18,3
2026-03-18,weekday,19,5
2026-03-18,weekday,20,8
2026-03-18,weekday,21,3
2026-03-18,weekday,22,0
2026-03-18,weekday,23,0
2026-03-19,weekday,0,1
2026-03-19,weekday,1,2
2026-03-19,weekday,2,1
2026-03-19,weekday,3,1
2026-03-19,weekday,4,0
2026-03-19,weekday,5,3
2026-03-19,weekday,6,0
2026-03-19,weekday,7,1
2026-03-19,weekday,8,3
2026-03-19,weekday,9,7
2026-03-19,weekday,10,7
2026-03-19,weekday,11,12
2026-03-19,weekday,12,8
2026-03-19,weekday,13,5
2026-03-19,weekday,14,10
2026-03-19,weekday,15,11
2026-03-19,weekday,16,6
2026-03-19,weekday,17,6
2026-03-19,weekday,18,5
2026-03-19,weekday,19,3
2026-03-19,weekday,20,2
2026-03-19,weekday,21,4
2026-03-19,weekday,22,0
2026-03-19,weekday,23,0
2026-03-20,weekday,0,1
2026-03-20,weekday,1,2
2026-03-20,weekday,2,3
2026-03-20,weekday,3,1
2026-03-20,weekday,4,1
2026-03-20,weekday,5,0
2026-03-20,weekday,6,1
2026-03-20,weekday,7,1
2026-03-20,weekday,8,5
2026-03-20,weekday,9,7
2026-03-20,weekday,10,4
2026-03-20,weekday,11,7
2026-03-20,weekday,12,13
2026-03-20,weekday,13,11
2026-03-20,weekday,14,7
2026-03-20,weekday,15,3
2026-03-20,weekday,16,5
2026-03-20,weekday,17,6
2026-03-20,weekday,18,1
2026-03-20,weekday,19,4
2026-03-20,weekday,20,2
2026-03-20,weekday,21,6
2026-03-20,weekday,22,0
2026-03-20,weekday,23,1
2026-03-21,weekend,0,0
2026-03-21,weekend,1,0
2026-03-21,weekend,2,1
2026-03-21,weekend,3,0
2026-03-21,weekend,4,0
2026-03-21,weekend,5,0
2026-03-21,weekend,6,0
2026-03-21,weekend,7,2
2026-03-21,weekend,8,5
2026-03-21,weekend,9,6
2026-03-21,weekend,10,4
2026-03-21,weekend,11,6
2026-03-21,weekend,12,3
2026-03-21,weekend,13,5
2026-03-21,weekend,14,0
2026-03-21,weekend,15,6
2026-03-21,weekend,16,1
2026-03-21,weekend,17,6
2026-03-21,weekend,18,2
2026-03-21,weekend,19,4
2026-03-21,weekend,20,4
2026-03-21,weekend,21,1
2026-03-21,weekend,22,0
2026-03-21,weekend,23,0
2026-03-22,weekend,0,0
2026-03-22,weekend,1,1
2026-03-22,weekend,2,1
2026-03-22,weekend,3,0
2026-03-22,weekend,4,2
2026-03-22,weekend,5,1
2026-03-22,weekend,6,1
2026-03-22,weekend,7,3
2026-03-22,weekend,8,1
2026-03-22,weekend,9,3
2026-03-22,weekend,10,4
2026-03-22,weekend,11,3
2026-03-22,weekend,12,4
2026-03-22,weekend,13,5
2026-03-22,weekend,14,2
2026-03-22,weekend,15,9
2026-03-22,weekend,16,4
2026-03-22,weekend,17,4
2026-03-22,weekend,18,3
2026-03-22,weekend,19,0
2026-03-22,weekend,20,6
2026-03-22,weekend,21,2
2026-03-22,weekend,22,2
2026-03-22,weekend,23,2
2026-03-23,weekday,0,1
2026-03-23,weekday,1,2
2026-03-23,weekday,2,0
2026-03-23,weekday,3,0
2026-03-23,weekday,4,0
2026-03-23,weekday,5,5
2026-03-23,weekday,6,3
2026-03-23,weekday,7,0
2026-03-23,weekday,8,12
2026-03-23,weekday,9,9
2026-03-23,weekday,10,7
2026-03-23,weekday,11,10
2026-03-23,weekday,12,4
2026-03-23,weekday,13,6
2026-03-23,weekday,14,5
2026-03-23,weekday,15,5
2026-03-23,weekday,16,5
2026-03-23,weekday,17,9
2026-03-23,weekday,18,2
2026-03-23,weekday,19,6
2026-03-23,weekday,20,1
2026-03-23,weekday,21,5
2026-03-23,weekday,22,2
2026-03-23,weekday,23,1
2026-03-24,weekday,0,0
2026-03-24,weekday,1,1
2026-03-24,weekday,2,1
2026-03-24,weekday,3,0
2026-03-24,weekday,4,0
2026-03-24,weekday,5,1
2026-03-24,weekday,6,0
2026-03-24,weekday,7,0
2026-03-24,weekday,8,7
2026-03-24,weekday,9,6
2026-03-24,weekday,10,4
2026-03-24,weekday,11,8
2026-03-24,weekday,12,8
2026-03-24,weekday,13,7
2026-03-24,weekday,14,3
2026-03-24,weekday,15,3
2026-03-24,weekday,16,10
2026-03-24,weekday,17,5
2026-03-24,weekday,18,5
2026-03-24,weekday,19,4
2026-03-24,weekday,20,6
2026-03-24,weekday,21,7
2026-03-24,weekday,22,0
2026-03-24,weekday,23,0
2026-03-25,weekday,0,1
2026-03-25,weekday,1,0
2026-03-25,weekday,2,1
2026-03-25,weekday,3,2
2026-03-25,weekday,4,0
2026-03-25,weekday,5,0
2026-03-25,weekday,6,0
2026-03-25,weekday,7,1
2026-03-25,weekday,8,8
2026-03-25,weekday,9,5
2026-03-25,weekday,10,7
2026-03-25,weekday,11,7
2026-03-25,weekday,12,4
2026-03-25,weekday,13,8
2026-03-25,weekday,14,19
2026-03-25,weekday,15,7
2026-03-25,weekday,16,3
2026-03-25,weekday,17,10
2026-03-25,weekday,18,1
2026-03-25,weekday,19,5
2026-03-25,weekday,20,4
2026-03-25,weekday,21,1
2026-03-25,weekday,22,0
2026-03-25,weekday,23,2
2026-03-26,weekday,0,0
2026-03-26,weekday,1,1
2026-03-26,weekday,2,1
2026-03-26,weekday,3,1
2026-03-26,weekday,4,1
2026-03-26,weekday,5,0
2026-03-26,weekday,6,1
2026-03-26,weekday,7,1
2026-03-26,weekday,8,8
2026-03-26,weekday,9,7
2026-03-26,weekday,10,7
2026-03-26,weekday,11,10
2026-03-26,weekday,12,4
2026-03-26,weekday,13,9
2026-03-26,weekday,14,6
2026-03-26,weekday,15,8
2026-03-26,weekday,16,5
2026-03-26,weekday,17,4
2026-03-26,weekday,18,4
2026-03-26,weekday,19,2
2026-03-26,weekday,20,3
2026-03-26,weekday,21,6
2026-03-26,weekday,22,2
2026-03-26,weekday,23,0
2026-03-27,weekday,0,1
2026-03-27,weekday,1,3
2026-03-27,weekday,2,1
2026-03-27,weekday,3,2
2026-03-27,weekday,4,3
2026-03-27,weekday,5,2
2026-03-27,weekday,6,1
2026-03-27,weekday,7,2
2026-03-27,weekday,8,6
2026-03-27,weekday,9,11
2026-03-27,weekday,10,9
2026-03-27,weekday,11,9
2026-03-27,weekday,12,3
2026-03-27,weekday,13,9
2026-03-27,weekday,14,5
2026-03-27,weekday,15,9
2026-03-27,weekday,16,8
2026-03-27,weekday,17,7
2026-03-27,weekday,18,10
2026-03-27,weekday,19,5
2026-03-27,weekday,20,9
2026-03-27,weekday,21,1
2026-03-27,weekday,22,1
2026-03-27,weekday,23,0
2026-03-28,weekend,0,1
2026-03-28,weekend,1,0
2026-03-28,weekend,2,1
2026-03-28,weekend,3,1
2026-03-28,weekend,4,1
2026-03-28,weekend,5,3
2026-03-28,weekend,6,0
2026-03-28,weekend,7,0
2026-03-28,weekend,8,4
2026-03-28,weekend,9,8
2026-03-28,weekend,10,4
2026-03-28,weekend,11,1
2026-03-28,weekend,12,8
2026-03-28,weekend,13,8
2026-03-28,weekend,14,5
2026-03-28,weekend,15,4
2026-03-28,weekend,16,2
2026-03-28,weekend,17,7
2026-03-28,weekend,18,3
2026-03-28,weekend,19,6
2026-03-28,weekend,20,6
2026-03-28,weekend,21,8
2026-03-28,weekend,22,1
2026-03-28,weekend,23,3
2026-03-29,weekend,0,1
2026-03-29,weekend,1,0
2026-03-29,weekend,2,2
2026-03-29,weekend,3,0
2026-03-29,weekend,4,3
2026-03-29,weekend,5,1
2026-03-29,weekend,6,1
2026-03-29,weekend,7,0
2026-03-29,weekend,8,5
2026-03-29,weekend,9,4
2026-03-29,weekend,10,6
2026-03-29,weekend,11,5
2026-03-29,weekend,12,3
2026-03-29,weekend,13,2
2026-03-29,weekend,14,6
2026-03-29,weekend,15,4
2026-03-29,weekend,16,5
2026-03-29,weekend,17,2
2026-03-29,weekend,18,5
2026-03-29,weekend,19,3
2026-03-29,weekend,20,6
2026-03-29,weekend,21,3
2026-03-29,weekend,22,0
2026-03-29,weekend,23,0
2026-03-30,weekday,0,0
2026-03-30,weekday,1,1
2026-03-30,weekday,2,2
2026-03-30,weekday,3,3
2026-03-30,weekday,4,1
2026-03-30,weekday,5,1
2026-03-30,weekday,6,0
2026-03-30,weekday,7,1
2026-03-30,weekday,8,8
2026-03-30,weekday,9,6
2026-03-30,weekday,10,7
2026-03-30,weekday,11,6
2026-03-30,weekday,12,6
2026-03-30,weekday,13,7
2026-03-30,weekday,14,15
2026-03-30,weekday,15,10
2026-03-30,weekday,16,5
2026-03-30,weekday,17,2
2026-03-30,weekday,18,8
2026-03-30,weekday,19,5
2026-03-30,weekday,20,6
2026-03-30,weekday,21,6
2026-03-30,weekday,22,1
2026-03-30,weekday,23,1
